<?xml version="1.0" encoding="UTF-8"?>
<project-private xmlns="http://www.netbeans.org/ns/project-private/1">
    <editor-bookmarks xmlns="http://www.netbeans.org/ns/editor-bookmarks/2" lastBookmarkId="0"/>
    <open-files xmlns="http://www.netbeans.org/ns/projectui-open-files/2">
        <group>
            <file>file:/C:/Users/class12/Documents/NetBeansProjects/CatAndMouse/src/Level3.java</file>
            <file>file:/C:/Users/class12/Documents/NetBeansProjects/CatAndMouse/src/LevelSelect.java</file>
            <file>file:/C:/Users/class12/Documents/NetBeansProjects/CatAndMouse/src/Level1.java</file>
            <file>file:/C:/Users/class12/Documents/NetBeansProjects/CatAndMouse/src/Login.java</file>
            <file>file:/C:/Users/class12/Documents/NetBeansProjects/CatAndMouse/src/Menu.java</file>
            <file>file:/C:/Users/class12/Documents/NetBeansProjects/CatAndMouse/src/Level2.java</file>
            <file>file:/C:/Users/class12/Documents/NetBeansProjects/CatAndMouse/src/Shop.java</file>
        </group>
    </open-files>
</project-private>
